word,frequency,year,term,source_pdf,total_tokens,relative_freq
english,28,2024,2024 YDS.pdf,2024 YDS.pdf,776,0.03608247422680412
go,24,2024,2024 YDS.pdf,2024 YDS.pdf,776,0.030927835051546393
next,24,2024,2024 YDS.pdf,2024 YDS.pdf,776,0.030927835051546393
page,24,2024,2024 YDS.pdf,2024 YDS.pdf,776,0.030927835051546393
question,16,2024,2024 YDS.pdf,2024 YDS.pdf,776,0.020618556701030927
ecotourism,12,2024,2024 YDS.pdf,2024 YDS.pdf,776,0.015463917525773196
mushroom,12,2024,2024 YDS.pdf,2024 YDS.pdf,776,0.015463917525773196
choose,10,2024,2024 YDS.pdf,2024 YDS.pdf,776,0.01288659793814433
passage,9,2024,2024 YDS.pdf,2024 YDS.pdf,776,0.011597938144329897
best,8,2024,2024 YDS.pdf,2024 YDS.pdf,776,0.010309278350515464
food,8,2024,2024 YDS.pdf,2024 YDS.pdf,776,0.010309278350515464
according,6,2024,2024 YDS.pdf,2024 YDS.pdf,776,0.007731958762886598
answer,6,2024,2024 YDS.pdf,2024 YDS.pdf,776,0.007731958762886598
consume,6,2024,2024 YDS.pdf,2024 YDS.pdf,776,0.007731958762886598
cuba,6,2024,2024 YDS.pdf,2024 YDS.pdf,776,0.007731958762886598
fat,6,2024,2024 YDS.pdf,2024 YDS.pdf,776,0.007731958762886598
mexico,6,2024,2024 YDS.pdf,2024 YDS.pdf,776,0.007731958762886598
regional,6,2024,2024 YDS.pdf,2024 YDS.pdf,776,0.007731958762886598
sector,6,2024,2024 YDS.pdf,2024 YDS.pdf,776,0.007731958762886598
see,6,2024,2024 YDS.pdf,2024 YDS.pdf,776,0.007731958762886598
sweetener,6,2024,2024 YDS.pdf,2024 YDS.pdf,776,0.007731958762886598
caribbean,5,2024,2024 YDS.pdf,2024 YDS.pdf,776,0.006443298969072165
eventually,5,2024,2024 YDS.pdf,2024 YDS.pdf,776,0.006443298969072165
failure,5,2024,2024 YDS.pdf,2024 YDS.pdf,776,0.006443298969072165
identity,5,2024,2024 YDS.pdf,2024 YDS.pdf,776,0.006443298969072165
liver,5,2024,2024 YDS.pdf,2024 YDS.pdf,776,0.006443298969072165
nature,5,2024,2024 YDS.pdf,2024 YDS.pdf,776,0.006443298969072165
oil,5,2024,2024 YDS.pdf,2024 YDS.pdf,776,0.006443298969072165
opera,5,2024,2024 YDS.pdf,2024 YDS.pdf,776,0.006443298969072165
particular,5,2024,2024 YDS.pdf,2024 YDS.pdf,776,0.006443298969072165
poisonous,5,2024,2024 YDS.pdf,2024 YDS.pdf,776,0.006443298969072165
potential,5,2024,2024 YDS.pdf,2024 YDS.pdf,776,0.006443298969072165
sentence,5,2024,2024 YDS.pdf,2024 YDS.pdf,776,0.006443298969072165
wild,5,2024,2024 YDS.pdf,2024 YDS.pdf,776,0.006443298969072165
appeal,4,2024,2024 YDS.pdf,2024 YDS.pdf,776,0.005154639175257732
calorie,4,2024,2024 YDS.pdf,2024 YDS.pdf,776,0.005154639175257732
death,4,2024,2024 YDS.pdf,2024 YDS.pdf,776,0.005154639175257732
destination,4,2024,2024 YDS.pdf,2024 YDS.pdf,776,0.005154639175257732
established,4,2024,2024 YDS.pdf,2024 YDS.pdf,776,0.005154639175257732
expression,4,2024,2024 YDS.pdf,2024 YDS.pdf,776,0.005154639175257732
fill,4,2024,2024 YDS.pdf,2024 YDS.pdf,776,0.005154639175257732
high,4,2024,2024 YDS.pdf,2024 YDS.pdf,776,0.005154639175257732
online,4,2024,2024 YDS.pdf,2024 YDS.pdf,776,0.005154639175257732
space,4,2024,2024 YDS.pdf,2024 YDS.pdf,776,0.005154639175257732
whole,4,2024,2024 YDS.pdf,2024 YDS.pdf,776,0.005154639175257732
word,4,2024,2024 YDS.pdf,2024 YDS.pdf,776,0.005154639175257732
also,3,2024,2024 YDS.pdf,2024 YDS.pdf,776,0.003865979381443299
amanda,3,2024,2024 YDS.pdf,2024 YDS.pdf,776,0.003865979381443299
arisen,3,2024,2024 YDS.pdf,2024 YDS.pdf,776,0.003865979381443299
certain,3,2024,2024 YDS.pdf,2024 YDS.pdf,776,0.003865979381443299
complete,3,2024,2024 YDS.pdf,2024 YDS.pdf,776,0.003865979381443299
concert,3,2024,2024 YDS.pdf,2024 YDS.pdf,776,0.003865979381443299
data,3,2024,2024 YDS.pdf,2024 YDS.pdf,776,0.003865979381443299
eaten,3,2024,2024 YDS.pdf,2024 YDS.pdf,776,0.003865979381443299
given,3,2024,2024 YDS.pdf,2024 YDS.pdf,776,0.003865979381443299
lead,3,2024,2024 YDS.pdf,2024 YDS.pdf,776,0.003865979381443299
may,3,2024,2024 YDS.pdf,2024 YDS.pdf,776,0.003865979381443299
music,3,2024,2024 YDS.pdf,2024 YDS.pdf,776,0.003865979381443299
one,3,2024,2024 YDS.pdf,2024 YDS.pdf,776,0.003865979381443299
opportunity,3,2024,2024 YDS.pdf,2024 YDS.pdf,776,0.003865979381443299
option,3,2024,2024 YDS.pdf,2024 YDS.pdf,776,0.003865979381443299
quickly,3,2024,2024 YDS.pdf,2024 YDS.pdf,776,0.003865979381443299
supported,3,2024,2024 YDS.pdf,2024 YDS.pdf,776,0.003865979381443299
sure,3,2024,2024 YDS.pdf,2024 YDS.pdf,776,0.003865979381443299
test,3,2024,2024 YDS.pdf,2024 YDS.pdf,776,0.003865979381443299
think,3,2024,2024 YDS.pdf,2024 YDS.pdf,776,0.003865979381443299
translation,3,2024,2024 YDS.pdf,2024 YDS.pdf,776,0.003865979381443299
accurate,2,2024,2024 YDS.pdf,2024 YDS.pdf,776,0.002577319587628866
always,2,2024,2024 YDS.pdf,2024 YDS.pdf,776,0.002577319587628866
britain,2,2024,2024 YDS.pdf,2024 YDS.pdf,776,0.002577319587628866
centre,2,2024,2024 YDS.pdf,2024 YDS.pdf,776,0.002577319587628866
century,2,2024,2024 YDS.pdf,2024 YDS.pdf,776,0.002577319587628866
cholesterol,2,2024,2024 YDS.pdf,2024 YDS.pdf,776,0.002577319587628866
come,2,2024,2024 YDS.pdf,2024 YDS.pdf,776,0.002577319587628866
copernicus,2,2024,2024 YDS.pdf,2024 YDS.pdf,776,0.002577319587628866
could,2,2024,2024 YDS.pdf,2024 YDS.pdf,776,0.002577319587628866
different,2,2024,2024 YDS.pdf,2024 YDS.pdf,776,0.002577319587628866
disadvantage,2,2024,2024 YDS.pdf,2024 YDS.pdf,776,0.002577319587628866
earth,2,2024,2024 YDS.pdf,2024 YDS.pdf,776,0.002577319587628866
empty,2,2024,2024 YDS.pdf,2024 YDS.pdf,776,0.002577319587628866
end,2,2024,2024 YDS.pdf,2024 YDS.pdf,776,0.002577319587628866
entire,2,2024,2024 YDS.pdf,2024 YDS.pdf,776,0.002577319587628866
europe,2,2024,2024 YDS.pdf,2024 YDS.pdf,776,0.002577319587628866
found,2,2024,2024 YDS.pdf,2024 YDS.pdf,776,0.002577319587628866
generally,2,2024,2024 YDS.pdf,2024 YDS.pdf,776,0.002577319587628866
greek,2,2024,2024 YDS.pdf,2024 YDS.pdf,776,0.002577319587628866
group,2,2024,2024 YDS.pdf,2024 YDS.pdf,776,0.002577319587628866
hand,2,2024,2024 YDS.pdf,2024 YDS.pdf,776,0.002577319587628866
health,2,2024,2024 YDS.pdf,2024 YDS.pdf,776,0.002577319587628866
house,2,2024,2024 YDS.pdf,2024 YDS.pdf,776,0.002577319587628866
however,2,2024,2024 YDS.pdf,2024 YDS.pdf,776,0.002577319587628866
increase,2,2024,2024 YDS.pdf,2024 YDS.pdf,776,0.002577319587628866
level,2,2024,2024 YDS.pdf,2024 YDS.pdf,776,0.002577319587628866
like,2,2024,2024 YDS.pdf,2024 YDS.pdf,776,0.002577319587628866
long,2,2024,2024 YDS.pdf,2024 YDS.pdf,776,0.002577319587628866
making,2,2024,2024 YDS.pdf,2024 YDS.pdf,776,0.002577319587628866
many,2,2024,2024 YDS.pdf,2024 YDS.pdf,776,0.002577319587628866
much,2,2024,2024 YDS.pdf,2024 YDS.pdf,776,0.002577319587628866
nutrient,2,2024,2024 YDS.pdf,2024 YDS.pdf,776,0.002577319587628866
often,2,2024,2024 YDS.pdf,2024 YDS.pdf,776,0.002577319587628866
personal,2,2024,2024 YDS.pdf,2024 YDS.pdf,776,0.002577319587628866
play,2,2024,2024 YDS.pdf,2024 YDS.pdf,776,0.002577319587628866
pose,2,2024,2024 YDS.pdf,2024 YDS.pdf,776,0.002577319587628866
protect,2,2024,2024 YDS.pdf,2024 YDS.pdf,776,0.002577319587628866
provide,2,2024,2024 YDS.pdf,2024 YDS.pdf,776,0.002577319587628866
ptolemy,2,2024,2024 YDS.pdf,2024 YDS.pdf,776,0.002577319587628866
region,2,2024,2024 YDS.pdf,2024 YDS.pdf,776,0.002577319587628866
relationship,2,2024,2024 YDS.pdf,2024 YDS.pdf,776,0.002577319587628866
rich,2,2024,2024 YDS.pdf,2024 YDS.pdf,776,0.002577319587628866
richard,2,2024,2024 YDS.pdf,2024 YDS.pdf,776,0.002577319587628866
role,2,2024,2024 YDS.pdf,2024 YDS.pdf,776,0.002577319587628866
support,2,2024,2024 YDS.pdf,2024 YDS.pdf,776,0.002577319587628866
system,2,2024,2024 YDS.pdf,2024 YDS.pdf,776,0.002577319587628866
therefore,2,2024,2024 YDS.pdf,2024 YDS.pdf,776,0.002577319587628866
turkish,2,2024,2024 YDS.pdf,2024 YDS.pdf,776,0.002577319587628866
world,2,2024,2024 YDS.pdf,2024 YDS.pdf,776,0.002577319587628866
abundance,1,2024,2024 YDS.pdf,2024 YDS.pdf,776,0.001288659793814433
acceptable,1,2024,2024 YDS.pdf,2024 YDS.pdf,776,0.001288659793814433
accepting,1,2024,2024 YDS.pdf,2024 YDS.pdf,776,0.001288659793814433
acknowledged,1,2024,2024 YDS.pdf,2024 YDS.pdf,776,0.001288659793814433
across,1,2024,2024 YDS.pdf,2024 YDS.pdf,776,0.001288659793814433
activity,1,2024,2024 YDS.pdf,2024 YDS.pdf,776,0.001288659793814433
advantage,1,2024,2024 YDS.pdf,2024 YDS.pdf,776,0.001288659793814433
album,1,2024,2024 YDS.pdf,2024 YDS.pdf,776,0.001288659793814433
allocate,1,2024,2024 YDS.pdf,2024 YDS.pdf,776,0.001288659793814433
allowed,1,2024,2024 YDS.pdf,2024 YDS.pdf,776,0.001288659793814433
along,1,2024,2024 YDS.pdf,2024 YDS.pdf,776,0.001288659793814433
amount,1,2024,2024 YDS.pdf,2024 YDS.pdf,776,0.001288659793814433
ancient,1,2024,2024 YDS.pdf,2024 YDS.pdf,776,0.001288659793814433
animal,1,2024,2024 YDS.pdf,2024 YDS.pdf,776,0.001288659793814433
another,1,2024,2024 YDS.pdf,2024 YDS.pdf,776,0.001288659793814433
anymore,1,2024,2024 YDS.pdf,2024 YDS.pdf,776,0.001288659793814433
appear,1,2024,2024 YDS.pdf,2024 YDS.pdf,776,0.001288659793814433
arab,1,2024,2024 YDS.pdf,2024 YDS.pdf,776,0.001288659793814433
arise,1,2024,2024 YDS.pdf,2024 YDS.pdf,776,0.001288659793814433
arising,1,2024,2024 YDS.pdf,2024 YDS.pdf,776,0.001288659793814433
aristarchus,1,2024,2024 YDS.pdf,2024 YDS.pdf,776,0.001288659793814433
artist,1,2024,2024 YDS.pdf,2024 YDS.pdf,776,0.001288659793814433
asset,1,2024,2024 YDS.pdf,2024 YDS.pdf,776,0.001288659793814433
association,1,2024,2024 YDS.pdf,2024 YDS.pdf,776,0.001288659793814433
astronomy,1,2024,2024 YDS.pdf,2024 YDS.pdf,776,0.001288659793814433
attractive,1,2024,2024 YDS.pdf,2024 YDS.pdf,776,0.001288659793814433
aware,1,2024,2024 YDS.pdf,2024 YDS.pdf,776,0.001288659793814433
based,1,2024,2024 YDS.pdf,2024 YDS.pdf,776,0.001288659793814433
behaviour,1,2024,2024 YDS.pdf,2024 YDS.pdf,776,0.001288659793814433
believe,1,2024,2024 YDS.pdf,2024 YDS.pdf,776,0.001288659793814433
blood,1,2024,2024 YDS.pdf,2024 YDS.pdf,776,0.001288659793814433
bond,1,2024,2024 YDS.pdf,2024 YDS.pdf,776,0.001288659793814433
bring,1,2024,2024 YDS.pdf,2024 YDS.pdf,776,0.001288659793814433
buying,1,2024,2024 YDS.pdf,2024 YDS.pdf,776,0.001288659793814433
cardiovascular,1,2024,2024 YDS.pdf,2024 YDS.pdf,776,0.001288659793814433
casual,1,2024,2024 YDS.pdf,2024 YDS.pdf,776,0.001288659793814433
cause,1,2024,2024 YDS.pdf,2024 YDS.pdf,776,0.001288659793814433
certainly,1,2024,2024 YDS.pdf,2024 YDS.pdf,776,0.001288659793814433
challenge,1,2024,2024 YDS.pdf,2024 YDS.pdf,776,0.001288659793814433
check,1,2024,2024 YDS.pdf,2024 YDS.pdf,776,0.001288659793814433
city,1,2024,2024 YDS.pdf,2024 YDS.pdf,776,0.001288659793814433
classical,1,2024,2024 YDS.pdf,2024 YDS.pdf,776,0.001288659793814433
climate,1,2024,2024 YDS.pdf,2024 YDS.pdf,776,0.001288659793814433
collaborative,1,2024,2024 YDS.pdf,2024 YDS.pdf,776,0.001288659793814433
community,1,2024,2024 YDS.pdf,2024 YDS.pdf,776,0.001288659793814433
company,1,2024,2024 YDS.pdf,2024 YDS.pdf,776,0.001288659793814433
comprise,1,2024,2024 YDS.pdf,2024 YDS.pdf,776,0.001288659793814433
concerning,1,2024,2024 YDS.pdf,2024 YDS.pdf,776,0.001288659793814433
considerable,1,2024,2024 YDS.pdf,2024 YDS.pdf,776,0.001288659793814433
considered,1,2024,2024 YDS.pdf,2024 YDS.pdf,776,0.001288659793814433
consists,1,2024,2024 YDS.pdf,2024 YDS.pdf,776,0.001288659793814433
constrain,1,2024,2024 YDS.pdf,2024 YDS.pdf,776,0.001288659793814433
consumer,1,2024,2024 YDS.pdf,2024 YDS.pdf,776,0.001288659793814433
contain,1,2024,2024 YDS.pdf,2024 YDS.pdf,776,0.001288659793814433
contemporary,1,2024,2024 YDS.pdf,2024 YDS.pdf,776,0.001288659793814433
contend,1,2024,2024 YDS.pdf,2024 YDS.pdf,776,0.001288659793814433
controlling,1,2024,2024 YDS.pdf,2024 YDS.pdf,776,0.001288659793814433
cooky,1,2024,2024 YDS.pdf,2024 YDS.pdf,776,0.001288659793814433
cost,1,2024,2024 YDS.pdf,2024 YDS.pdf,776,0.001288659793814433
covent,1,2024,2024 YDS.pdf,2024 YDS.pdf,776,0.001288659793814433
craving,1,2024,2024 YDS.pdf,2024 YDS.pdf,776,0.001288659793814433
creaminess,1,2024,2024 YDS.pdf,2024 YDS.pdf,776,0.001288659793814433
creates,1,2024,2024 YDS.pdf,2024 YDS.pdf,776,0.001288659793814433
crispiness,1,2024,2024 YDS.pdf,2024 YDS.pdf,776,0.001288659793814433
damascus,1,2024,2024 YDS.pdf,2024 YDS.pdf,776,0.001288659793814433
danger,1,2024,2024 YDS.pdf,2024 YDS.pdf,776,0.001288659793814433
dangerous,1,2024,2024 YDS.pdf,2024 YDS.pdf,776,0.001288659793814433
deleting,1,2024,2024 YDS.pdf,2024 YDS.pdf,776,0.001288659793814433
describe,1,2024,2024 YDS.pdf,2024 YDS.pdf,776,0.001288659793814433
despite,1,2024,2024 YDS.pdf,2024 YDS.pdf,776,0.001288659793814433
dialogue,1,2024,2024 YDS.pdf,2024 YDS.pdf,776,0.001288659793814433
die,1,2024,2024 YDS.pdf,2024 YDS.pdf,776,0.001288659793814433
diet,1,2024,2024 YDS.pdf,2024 YDS.pdf,776,0.001288659793814433
difficult,1,2024,2024 YDS.pdf,2024 YDS.pdf,776,0.001288659793814433
disease,1,2024,2024 YDS.pdf,2024 YDS.pdf,776,0.001288659793814433
dispel,1,2024,2024 YDS.pdf,2024 YDS.pdf,776,0.001288659793814433
disrupt,1,2024,2024 YDS.pdf,2024 YDS.pdf,776,0.001288659793814433
due,1,2024,2024 YDS.pdf,2024 YDS.pdf,776,0.001288659793814433
eat,1,2024,2024 YDS.pdf,2024 YDS.pdf,776,0.001288659793814433
eating,1,2024,2024 YDS.pdf,2024 YDS.pdf,776,0.001288659793814433
eats,1,2024,2024 YDS.pdf,2024 YDS.pdf,776,0.001288659793814433
elitist,1,2024,2024 YDS.pdf,2024 YDS.pdf,776,0.001288659793814433
emergence,1,2024,2024 YDS.pdf,2024 YDS.pdf,776,0.001288659793814433
enduring,1,2024,2024 YDS.pdf,2024 YDS.pdf,776,0.001288659793814433
england,1,2024,2024 YDS.pdf,2024 YDS.pdf,776,0.001288659793814433
enjoyment,1,2024,2024 YDS.pdf,2024 YDS.pdf,776,0.001288659793814433
entirety,1,2024,2024 YDS.pdf,2024 YDS.pdf,776,0.001288659793814433
entrenched,1,2024,2024 YDS.pdf,2024 YDS.pdf,776,0.001288659793814433
epicycle,1,2024,2024 YDS.pdf,2024 YDS.pdf,776,0.001288659793814433
equant,1,2024,2024 YDS.pdf,2024 YDS.pdf,776,0.001288659793814433
even,1,2024,2024 YDS.pdf,2024 YDS.pdf,776,0.001288659793814433
every,1,2024,2024 YDS.pdf,2024 YDS.pdf,776,0.001288659793814433
figure,1,2024,2024 YDS.pdf,2024 YDS.pdf,776,0.001288659793814433
first,1,2024,2024 YDS.pdf,2024 YDS.pdf,776,0.001288659793814433
form,1,2024,2024 YDS.pdf,2024 YDS.pdf,776,0.001288659793814433
free,1,2024,2024 YDS.pdf,2024 YDS.pdf,776,0.001288659793814433
friendship,1,2024,2024 YDS.pdf,2024 YDS.pdf,776,0.001288659793814433
garden,1,2024,2024 YDS.pdf,2024 YDS.pdf,776,0.001288659793814433
get,1,2024,2024 YDS.pdf,2024 YDS.pdf,776,0.001288659793814433
give,1,2024,2024 YDS.pdf,2024 YDS.pdf,776,0.001288659793814433
great,1,2024,2024 YDS.pdf,2024 YDS.pdf,776,0.001288659793814433
greatly,1,2024,2024 YDS.pdf,2024 YDS.pdf,776,0.001288659793814433
growing,1,2024,2024 YDS.pdf,2024 YDS.pdf,776,0.001288659793814433
happen,1,2024,2024 YDS.pdf,2024 YDS.pdf,776,0.001288659793814433
hate,1,2024,2024 YDS.pdf,2024 YDS.pdf,776,0.001288659793814433
healthful,1,2024,2024 YDS.pdf,2024 YDS.pdf,776,0.001288659793814433
heaven,1,2024,2024 YDS.pdf,2024 YDS.pdf,776,0.001288659793814433
heliocentric,1,2024,2024 YDS.pdf,2024 YDS.pdf,776,0.001288659793814433
highly,1,2024,2024 YDS.pdf,2024 YDS.pdf,776,0.001288659793814433
hotspot,1,2024,2024 YDS.pdf,2024 YDS.pdf,776,0.001288659793814433
hub,1,2024,2024 YDS.pdf,2024 YDS.pdf,776,0.001288659793814433
idea,1,2024,2024 YDS.pdf,2024 YDS.pdf,776,0.001288659793814433
improved,1,2024,2024 YDS.pdf,2024 YDS.pdf,776,0.001288659793814433
increased,1,2024,2024 YDS.pdf,2024 YDS.pdf,776,0.001288659793814433
incredible,1,2024,2024 YDS.pdf,2024 YDS.pdf,776,0.001288659793814433
indeed,1,2024,2024 YDS.pdf,2024 YDS.pdf,776,0.001288659793814433
industry,1,2024,2024 YDS.pdf,2024 YDS.pdf,776,0.001288659793814433
influence,1,2024,2024 YDS.pdf,2024 YDS.pdf,776,0.001288659793814433
innovative,1,2024,2024 YDS.pdf,2024 YDS.pdf,776,0.001288659793814433
input,1,2024,2024 YDS.pdf,2024 YDS.pdf,776,0.001288659793814433
interestingly,1,2024,2024 YDS.pdf,2024 YDS.pdf,776,0.001288659793814433
internet,1,2024,2024 YDS.pdf,2024 YDS.pdf,776,0.001288659793814433
intimate,1,2024,2024 YDS.pdf,2024 YDS.pdf,776,0.001288659793814433
involves,1,2024,2024 YDS.pdf,2024 YDS.pdf,776,0.001288659793814433
irrelevant,1,2024,2024 YDS.pdf,2024 YDS.pdf,776,0.001288659793814433
islamic,1,2024,2024 YDS.pdf,2024 YDS.pdf,776,0.001288659793814433
kind,1,2024,2024 YDS.pdf,2024 YDS.pdf,776,0.001288659793814433
knowing,1,2024,2024 YDS.pdf,2024 YDS.pdf,776,0.001288659793814433
land,1,2024,2024 YDS.pdf,2024 YDS.pdf,776,0.001288659793814433
language,1,2024,2024 YDS.pdf,2024 YDS.pdf,776,0.001288659793814433
large,1,2024,2024 YDS.pdf,2024 YDS.pdf,776,0.001288659793814433
larger,1,2024,2024 YDS.pdf,2024 YDS.pdf,776,0.001288659793814433
late,1,2024,2024 YDS.pdf,2024 YDS.pdf,776,0.001288659793814433
later,1,2024,2024 YDS.pdf,2024 YDS.pdf,776,0.001288659793814433
law,1,2024,2024 YDS.pdf,2024 YDS.pdf,776,0.001288659793814433
learn,1,2024,2024 YDS.pdf,2024 YDS.pdf,776,0.001288659793814433
life,1,2024,2024 YDS.pdf,2024 YDS.pdf,776,0.001288659793814433
limited,1,2024,2024 YDS.pdf,2024 YDS.pdf,776,0.001288659793814433
listen,1,2024,2024 YDS.pdf,2024 YDS.pdf,776,0.001288659793814433
london,1,2024,2024 YDS.pdf,2024 YDS.pdf,776,0.001288659793814433
lost,1,2024,2024 YDS.pdf,2024 YDS.pdf,776,0.001288659793814433
lot,1,2024,2024 YDS.pdf,2024 YDS.pdf,776,0.001288659793814433
love,1,2024,2024 YDS.pdf,2024 YDS.pdf,776,0.001288659793814433
mainly,1,2024,2024 YDS.pdf,2024 YDS.pdf,776,0.001288659793814433
mainstream,1,2024,2024 YDS.pdf,2024 YDS.pdf,776,0.001288659793814433
maintain,1,2024,2024 YDS.pdf,2024 YDS.pdf,776,0.001288659793814433
major,1,2024,2024 YDS.pdf,2024 YDS.pdf,776,0.001288659793814433
mali,1,2024,2024 YDS.pdf,2024 YDS.pdf,776,0.001288659793814433
mart,1,2024,2024 YDS.pdf,2024 YDS.pdf,776,0.001288659793814433
missing,1,2024,2024 YDS.pdf,2024 YDS.pdf,776,0.001288659793814433
model,1,2024,2024 YDS.pdf,2024 YDS.pdf,776,0.001288659793814433
modifying,1,2024,2024 YDS.pdf,2024 YDS.pdf,776,0.001288659793814433
musician,1,2024,2024 YDS.pdf,2024 YDS.pdf,776,0.001288659793814433
must,1,2024,2024 YDS.pdf,2024 YDS.pdf,776,0.001288659793814433
natural,1,2024,2024 YDS.pdf,2024 YDS.pdf,776,0.001288659793814433
necessary,1,2024,2024 YDS.pdf,2024 YDS.pdf,776,0.001288659793814433
new,1,2024,2024 YDS.pdf,2024 YDS.pdf,776,0.001288659793814433
news,1,2024,2024 YDS.pdf,2024 YDS.pdf,776,0.001288659793814433
numerous,1,2024,2024 YDS.pdf,2024 YDS.pdf,776,0.001288659793814433
obscure,1,2024,2024 YDS.pdf,2024 YDS.pdf,776,0.001288659793814433
obvious,1,2024,2024 YDS.pdf,2024 YDS.pdf,776,0.001288659793814433
offer,1,2024,2024 YDS.pdf,2024 YDS.pdf,776,0.001288659793814433
original,1,2024,2024 YDS.pdf,2024 YDS.pdf,776,0.001288659793814433
outdoor,1,2024,2024 YDS.pdf,2024 YDS.pdf,776,0.001288659793814433
park,1,2024,2024 YDS.pdf,2024 YDS.pdf,776,0.001288659793814433
part,1,2024,2024 YDS.pdf,2024 YDS.pdf,776,0.001288659793814433
people,1,2024,2024 YDS.pdf,2024 YDS.pdf,776,0.001288659793814433
performed,1,2024,2024 YDS.pdf,2024 YDS.pdf,776,0.001288659793814433
permanent,1,2024,2024 YDS.pdf,2024 YDS.pdf,776,0.001288659793814433
permission,1,2024,2024 YDS.pdf,2024 YDS.pdf,776,0.001288659793814433
person,1,2024,2024 YDS.pdf,2024 YDS.pdf,776,0.001288659793814433
phenomenal,1,2024,2024 YDS.pdf,2024 YDS.pdf,776,0.001288659793814433
phone,1,2024,2024 YDS.pdf,2024 YDS.pdf,776,0.001288659793814433
plant,1,2024,2024 YDS.pdf,2024 YDS.pdf,776,0.001288659793814433
playlist,1,2024,2024 YDS.pdf,2024 YDS.pdf,776,0.001288659793814433
pleasure,1,2024,2024 YDS.pdf,2024 YDS.pdf,776,0.001288659793814433
popularity,1,2024,2024 YDS.pdf,2024 YDS.pdf,776,0.001288659793814433
population,1,2024,2024 YDS.pdf,2024 YDS.pdf,776,0.001288659793814433
possible,1,2024,2024 YDS.pdf,2024 YDS.pdf,776,0.001288659793814433
potentially,1,2024,2024 YDS.pdf,2024 YDS.pdf,776,0.001288659793814433
privacy,1,2024,2024 YDS.pdf,2024 YDS.pdf,776,0.001288659793814433
problem,1,2024,2024 YDS.pdf,2024 YDS.pdf,776,0.001288659793814433
product,1,2024,2024 YDS.pdf,2024 YDS.pdf,776,0.001288659793814433
profusion,1,2024,2024 YDS.pdf,2024 YDS.pdf,776,0.001288659793814433
progress,1,2024,2024 YDS.pdf,2024 YDS.pdf,776,0.001288659793814433
promising,1,2024,2024 YDS.pdf,2024 YDS.pdf,776,0.001288659793814433
promotes,1,2024,2024 YDS.pdf,2024 YDS.pdf,776,0.001288659793814433
proper,1,2024,2024 YDS.pdf,2024 YDS.pdf,776,0.001288659793814433
proposed,1,2024,2024 YDS.pdf,2024 YDS.pdf,776,0.001288659793814433
psychologist,1,2024,2024 YDS.pdf,2024 YDS.pdf,776,0.001288659793814433
purchase,1,2024,2024 YDS.pdf,2024 YDS.pdf,776,0.001288659793814433
reason,1,2024,2024 YDS.pdf,2024 YDS.pdf,776,0.001288659793814433
recording,1,2024,2024 YDS.pdf,2024 YDS.pdf,776,0.001288659793814433
referred,1,2024,2024 YDS.pdf,2024 YDS.pdf,776,0.001288659793814433
regarded,1,2024,2024 YDS.pdf,2024 YDS.pdf,776,0.001288659793814433
rephrased,1,2024,2024 YDS.pdf,2024 YDS.pdf,776,0.001288659793814433
represents,1,2024,2024 YDS.pdf,2024 YDS.pdf,776,0.001288659793814433
reputation,1,2024,2024 YDS.pdf,2024 YDS.pdf,776,0.001288659793814433
responsibly,1,2024,2024 YDS.pdf,2024 YDS.pdf,776,0.001288659793814433
richness,1,2024,2024 YDS.pdf,2024 YDS.pdf,776,0.001288659793814433
right,1,2024,2024 YDS.pdf,2024 YDS.pdf,776,0.001288659793814433
risk,1,2024,2024 YDS.pdf,2024 YDS.pdf,776,0.001288659793814433
royal,1,2024,2024 YDS.pdf,2024 YDS.pdf,776,0.001288659793814433
satisfy,1,2024,2024 YDS.pdf,2024 YDS.pdf,776,0.001288659793814433
saying,1,2024,2024 YDS.pdf,2024 YDS.pdf,776,0.001288659793814433
seeing,1,2024,2024 YDS.pdf,2024 YDS.pdf,776,0.001288659793814433
select,1,2024,2024 YDS.pdf,2024 YDS.pdf,776,0.001288659793814433
selling,1,2024,2024 YDS.pdf,2024 YDS.pdf,776,0.001288659793814433
serious,1,2024,2024 YDS.pdf,2024 YDS.pdf,776,0.001288659793814433
share,1,2024,2024 YDS.pdf,2024 YDS.pdf,776,0.001288659793814433
similar,1,2024,2024 YDS.pdf,2024 YDS.pdf,776,0.001288659793814433
smaller,1,2024,2024 YDS.pdf,2024 YDS.pdf,776,0.001288659793814433
soil,1,2024,2024 YDS.pdf,2024 YDS.pdf,776,0.001288659793814433
someone,1,2024,2024 YDS.pdf,2024 YDS.pdf,776,0.001288659793814433
somewhat,1,2024,2024 YDS.pdf,2024 YDS.pdf,776,0.001288659793814433
song,1,2024,2024 YDS.pdf,2024 YDS.pdf,776,0.001288659793814433
sound,1,2024,2024 YDS.pdf,2024 YDS.pdf,776,0.001288659793814433
spain,1,2024,2024 YDS.pdf,2024 YDS.pdf,776,0.001288659793814433
sparingly,1,2024,2024 YDS.pdf,2024 YDS.pdf,776,0.001288659793814433
specialist,1,2024,2024 YDS.pdf,2024 YDS.pdf,776,0.001288659793814433
spinning,1,2024,2024 YDS.pdf,2024 YDS.pdf,776,0.001288659793814433
standing,1,2024,2024 YDS.pdf,2024 YDS.pdf,776,0.001288659793814433
start,1,2024,2024 YDS.pdf,2024 YDS.pdf,776,0.001288659793814433
study,1,2024,2024 YDS.pdf,2024 YDS.pdf,776,0.001288659793814433
subsequently,1,2024,2024 YDS.pdf,2024 YDS.pdf,776,0.001288659793814433
substantial,1,2024,2024 YDS.pdf,2024 YDS.pdf,776,0.001288659793814433
sugar,1,2024,2024 YDS.pdf,2024 YDS.pdf,776,0.001288659793814433
suggesting,1,2024,2024 YDS.pdf,2024 YDS.pdf,776,0.001288659793814433
sun,1,2024,2024 YDS.pdf,2024 YDS.pdf,776,0.001288659793814433
supporting,1,2024,2024 YDS.pdf,2024 YDS.pdf,776,0.001288659793814433
sweetened,1,2024,2024 YDS.pdf,2024 YDS.pdf,776,0.001288659793814433
televised,1,2024,2024 YDS.pdf,2024 YDS.pdf,776,0.001288659793814433
tend,1,2024,2024 YDS.pdf,2024 YDS.pdf,776,0.001288659793814433
term,1,2024,2024 YDS.pdf,2024 YDS.pdf,776,0.001288659793814433
text,1,2024,2024 YDS.pdf,2024 YDS.pdf,776,0.001288659793814433
thousand,1,2024,2024 YDS.pdf,2024 YDS.pdf,776,0.001288659793814433
threat,1,2024,2024 YDS.pdf,2024 YDS.pdf,776,0.001288659793814433
threaten,1,2024,2024 YDS.pdf,2024 YDS.pdf,776,0.001288659793814433
three,1,2024,2024 YDS.pdf,2024 YDS.pdf,776,0.001288659793814433
ticket,1,2024,2024 YDS.pdf,2024 YDS.pdf,776,0.001288659793814433
time,1,2024,2024 YDS.pdf,2024 YDS.pdf,776,0.001288659793814433
tracked,1,2024,2024 YDS.pdf,2024 YDS.pdf,776,0.001288659793814433
tracking,1,2024,2024 YDS.pdf,2024 YDS.pdf,776,0.001288659793814433
traditional,1,2024,2024 YDS.pdf,2024 YDS.pdf,776,0.001288659793814433
type,1,2024,2024 YDS.pdf,2024 YDS.pdf,776,0.001288659793814433
undermine,1,2024,2024 YDS.pdf,2024 YDS.pdf,776,0.001288659793814433
unintentionally,1,2024,2024 YDS.pdf,2024 YDS.pdf,776,0.001288659793814433
universal,1,2024,2024 YDS.pdf,2024 YDS.pdf,776,0.001288659793814433
universe,1,2024,2024 YDS.pdf,2024 YDS.pdf,776,0.001288659793814433
unless,1,2024,2024 YDS.pdf,2024 YDS.pdf,776,0.001288659793814433
used,1,2024,2024 YDS.pdf,2024 YDS.pdf,776,0.001288659793814433
using,1,2024,2024 YDS.pdf,2024 YDS.pdf,776,0.001288659793814433
via,1,2024,2024 YDS.pdf,2024 YDS.pdf,776,0.001288659793814433
virtually,1,2024,2024 YDS.pdf,2024 YDS.pdf,776,0.001288659793814433
vital,1,2024,2024 YDS.pdf,2024 YDS.pdf,776,0.001288659793814433
vitamin,1,2024,2024 YDS.pdf,2024 YDS.pdf,776,0.001288659793814433
want,1,2024,2024 YDS.pdf,2024 YDS.pdf,776,0.001288659793814433
way,1,2024,2024 YDS.pdf,2024 YDS.pdf,776,0.001288659793814433
weight,1,2024,2024 YDS.pdf,2024 YDS.pdf,776,0.001288659793814433
widespread,1,2024,2024 YDS.pdf,2024 YDS.pdf,776,0.001288659793814433
without,1,2024,2024 YDS.pdf,2024 YDS.pdf,776,0.001288659793814433
work,1,2024,2024 YDS.pdf,2024 YDS.pdf,776,0.001288659793814433
working,1,2024,2024 YDS.pdf,2024 YDS.pdf,776,0.001288659793814433
would,1,2024,2024 YDS.pdf,2024 YDS.pdf,776,0.001288659793814433
wrong,1,2024,2024 YDS.pdf,2024 YDS.pdf,776,0.001288659793814433
year,1,2024,2024 YDS.pdf,2024 YDS.pdf,776,0.001288659793814433
yes,1,2024,2024 YDS.pdf,2024 YDS.pdf,776,0.001288659793814433
